<environmentvariabledefinition schemaname="sent_storageaccountname">
  <description default="ストレージアカウント名を指定してください">
    <label description="ストレージアカウント名を指定してください" languagecode="1041" />
  </description>
  <displayname default="storageaccountname">
    <label description="storageaccountname" languagecode="1041" />
  </displayname>
  <introducedversion>1.0.0.0</introducedversion>
  <iscustomizable>1</iscustomizable>
  <isrequired>0</isrequired>
  <type>100000000</type>
</environmentvariabledefinition>