<ImportExportXml xmlns:xsi="http://www.w3.org/2001/XMLSchema-instance">
  <Entities></Entities>
  <Roles></Roles>
  <Workflows>
    <Workflow WorkflowId="{76ac5f56-b100-ec11-94ef-000d3a413530}" Name="Mask Check Flow">
      <JsonFileName>/Workflows/MaskCheckFlow-76AC5F56-B100-EC11-94EF-000D3A413530.json</JsonFileName>
      <Type>1</Type>
      <Subprocess>0</Subprocess>
      <Category>5</Category>
      <Mode>0</Mode>
      <Scope>4</Scope>
      <OnDemand>0</OnDemand>
      <TriggerOnCreate>0</TriggerOnCreate>
      <TriggerOnDelete>0</TriggerOnDelete>
      <AsyncAutodelete>0</AsyncAutodelete>
      <SyncWorkflowLogOnFailure>0</SyncWorkflowLogOnFailure>
      <StateCode>1</StateCode>
      <StatusCode>2</StatusCode>
      <RunAs>1</RunAs>
      <IsTransacted>1</IsTransacted>
      <IntroducedVersion>1.0.0.0</IntroducedVersion>
      <IsCustomizable>0</IsCustomizable>
      <BusinessProcessType>0</BusinessProcessType>
      <IsCustomProcessingStepAllowedForOtherPublishers>1</IsCustomProcessingStepAllowedForOtherPublishers>
      <PrimaryEntity>none</PrimaryEntity>
      <LocalizedNames>
        <LocalizedName languagecode="1041" description="Mask Check Flow" />
      </LocalizedNames>
    </Workflow>
  </Workflows>
  <FieldSecurityProfiles></FieldSecurityProfiles>
  <Templates />
  <EntityMaps />
  <EntityRelationships />
  <OrganizationSettings />
  <optionsets />
  <CustomControls />
  <EntityDataProviders />
  <CanvasApps>
    <CanvasApp>
      <Name>sent__bb76a</Name>
      <AppVersion>2021-08-19T06:30:40Z</AppVersion>
      <Status>Ready</Status>
      <CreatedByClientVersion>3.21081.49.0</CreatedByClientVersion>
      <MinClientVersion>3.21081.49.0</MinClientVersion>
      <Tags>{"primaryDeviceWidth":"640","primaryDeviceHeight":"1136","sienaVersion":"bf726d7d-59bc-43b8-a6e2-cc360378cbec","deviceCapabilities":"webcam","supportsPortrait":"true","supportsLandscape":"true","primaryFormFactor":"Phone","publisherVersion":"3.21081.49","minimumRequiredApiVersion":"2.2.0","hasComponent":"false","hasUnlockedComponent":"false","isUnifiedRootApp":"false"}</Tags>
      <IsCdsUpgraded>0</IsCdsUpgraded>
      <GalleryItemId xsi:nil="true"></GalleryItemId>
      <BackgroundColor>rgba(0, 176, 240, 1)</BackgroundColor>
      <DisplayName>マスク警察アプリ</DisplayName>
      <Description xsi:nil="true"></Description>
      <CommitMessage xsi:nil="true"></CommitMessage>
      <Publisher xsi:nil="true"></Publisher>
      <AuthorizationReferences>[]</AuthorizationReferences>
      <ConnectionReferences>{"68311759-3d50-45a7-9bd3-2a9812d07f67":{"id":"/providers/microsoft.powerapps/apis/shared_logicflows","displayName":"Logic flows","iconUri":"https://connectoricons-prod.azureedge.net/releases/v1.0.1438/1.0.1438.2324/logicflows/icon.png","dataSources":["MaskCheckFlow"],"dependencies":["7607ed3d-39f7-454a-8660-60f4e65ceb33"],"dependents":[],"parameterHints":{"workflowName":{"value":"54c66b2f-7128-4cad-bcfd-83cdacf2c00f"},"workflowEntityId":{"value":"76ac5f56-b100-ec11-94ef-000d3a413530"},"7607ed3d-39f7-454a-8660-60f4e65ceb33":{"value":"shared_azureblob"}},"parameterHintsV2":{"workflowName":{"value":"54c66b2f-7128-4cad-bcfd-83cdacf2c00f"},"workflowEntityId":{"value":"76ac5f56-b100-ec11-94ef-000d3a413530"},"shared_azureblob":{"value":"7607ed3d-39f7-454a-8660-60f4e65ceb33"}},"isOnPremiseConnection":false,"bypassConsent":false,"dataSets":{},"apiTier":"Standard","actions":["Run"]},"7607ed3d-39f7-454a-8660-60f4e65ceb33":{"id":"/providers/microsoft.powerapps/apis/shared_azureblob","xrmConnectionReferenceLogicalName":"sent_sharedazureblob_b0618","displayName":"Azure Blob Storage","iconUri":"https://connectoricons-prod.azureedge.net/releases/v1.0.1496/1.0.1496.2493/azureblob/icon.png","dataSources":[],"dependencies":[],"dependents":["68311759-3d50-45a7-9bd3-2a9812d07f67"],"parameterHints":{},"parameterHintsV2":{},"isOnPremiseConnection":false,"sharedConnectionId":"e745615e-8926-4764-a77d-45a138fc0239","bypassConsent":false,"dataSets":{},"apiTier":"Premium","endpoints":["rtanmpubdatastore"]}}</ConnectionReferences>
      <DatabaseReferences>{}</DatabaseReferences>
      <AppComponents>[]</AppComponents>
      <AppComponentDependencies>[]</AppComponentDependencies>
      <CanConsumeAppPass>1</CanConsumeAppPass>
      <CanvasAppType>0</CanvasAppType>
      <BypassConsent>0</BypassConsent>
      <AdminControlBypassConsent>0</AdminControlBypassConsent>
      <EmbeddedApp xsi:nil="true"></EmbeddedApp>
      <IntroducedVersion>1.0</IntroducedVersion>
      <CdsDependencies>{"cdsdependencies":[{"logicalname":"sent_sharedazureblob_b0618","componenttype":10171,"componenttypeplatformname":"ConnectionReference"}]}</CdsDependencies>
      <IsCustomizable>0</IsCustomizable>
      <BackgroundImageUri>/CanvasApps/sent__bb76a_BackgroundImageUri</BackgroundImageUri>
      <DocumentUri>/CanvasApps/sent__bb76a_DocumentUri.msapp</DocumentUri>
    </CanvasApp>
  </CanvasApps>
  <connectionreferences>
    <connectionreference connectionreferencelogicalname="sent_sharedazureblob_b0618">
      <connectionreferencedisplayname>Azure Blob Storage</connectionreferencedisplayname>
      <connectorid>/providers/Microsoft.PowerApps/apis/shared_azureblob</connectorid>
      <iscustomizable>1</iscustomizable>
      <statecode>0</statecode>
      <statuscode>1</statuscode>
    </connectionreference>
  </connectionreferences>
  <Languages>
    <Language>1041</Language>
  </Languages>
</ImportExportXml>