<environmentvariabledefinition schemaname="sent_imagepath">
  <description default="ストレージアカウントコンテナーのパスを指定します">
    <label description="ストレージアカウントコンテナーのパスを指定します" languagecode="1041" />
  </description>
  <displayname default="imagepath">
    <label description="imagepath" languagecode="1041" />
  </displayname>
  <introducedversion>1.0.0.1</introducedversion>
  <iscustomizable>1</iscustomizable>
  <isrequired>0</isrequired>
  <type>100000000</type>
</environmentvariabledefinition>