{"schemaVersion":"1.0","appDefinitionTemplate":{"id":"/providers/Microsoft.PowerApps/apps/","type":"Microsoft.PowerApps/apps","tags":{"primaryDeviceWidth":"640","primaryDeviceHeight":"1136","sienaVersion":"9565f749-8fe1-401d-96a8-a475a4aba4fc","deviceCapabilities":"location","supportsPortrait":"true","supportsLandscape":"false","primaryFormFactor":"Phone","publisherVersion":"3.20023.8","minimumRequiredApiVersion":"2.2.0","hasComponent":"false","hasUnlockedComponent":"false"},"properties":{"appVersion":"2020-04-12T10:36:01Z","lifeCycleId":"Published","createdByClientVersion":{"major":3,"minor":20023,"build":8,"revision":0,"majorRevision":0,"minorRevision":0},"minClientVersion":{"major":3,"minor":20023,"build":8,"revision":0,"majorRevision":0,"minorRevision":0},"backgroundColor":"rgba(0, 176, 240, 1)","backgroundImageUri":"/18229459120051291842/Na78231e8-c642-4e53-816e-3f003d85754d-logoSmallFile","displayName":"出退勤報告アプリ","description":"","commitMessage":"","appUris":{"documentUri":{"value":"/18229459120051291842/Ndf940f03-bdb9-494d-81d9-bb5153ea4348-document.msapp","readonlyValue":"/18229459120051291842/Ndf940f03-bdb9-494d-81d9-bb5153ea4348-document.msapp"},"imageUris":[]},"createdTime":"0001-01-01T00:00:00Z","lastModifiedTime":"0001-01-01T00:00:00Z","sharedGroupsCount":0,"sharedUsersCount":0,"icons":{"smallIconUri":"/18229459120051291842/N11808d9d-edcf-426a-903b-e9258a6d624b-small.png","mediumIconUri":"/18229459120051291842/Ncf9bb44b-98d7-462f-942a-2f54991dd91f-medium.png","largeIconUri":"/18229459120051291842/N434913b6-6e6b-4ef0-97df-d251696c5936-large.png","wideIconUri":"/18229459120051291842/Nb0575b9e-155a-4949-bf0a-998cdf400370-wide.png"},"connectionReferences":{"369c6277-fdaa-4746-8207-35bb6e8cf751":{"id":"0bc6d42c-e684-4ffd-a103-ea6014819033","displayName":"SharePoint","iconUri":"https://connectoricons-prod.azureedge.net/sharepointonline/icon_1.0.1324.1937.png","dataSources":["SYS_TBL_Work_InOut_log","SYS_TBL_Work_InOut_Temp_log"],"dependencies":[],"dependents":[],"parameterHints":{},"isOnPremiseConnection":false,"bypassConsent":false,"dataSets":{"https://sentreseau.sharepoint.com/sites/ProjPowerPlatform":{"dataSources":{"SYS_TBL_Work_InOut_log":{"tableName":"63af8631-0c57-4a66-85af-63dfb758da47"},"SYS_TBL_Work_InOut_Temp_log":{"tableName":"020d1359-b11c-4c88-b93e-36e4a45ecd08"}}}},"apiTier":"Standard","isCustomApiConnection":false},"f232d977-173f-440b-8d08-bd9a7f44e18c":{"id":"fb5432ae-cf8b-47b0-b10a-8d767534f364","displayName":"Office 365 Users","iconUri":"https://connectoricons-prod.azureedge.net/office365users/icon_1.0.1309.1901.png","dataSources":["Office365Users"],"dependencies":[],"dependents":[],"parameterHints":{},"isOnPremiseConnection":false,"bypassConsent":false,"dataSets":{},"apiTier":"Standard","isCustomApiConnection":false}},"databaseReferences":{},"almMode":"Environment","performanceOptimizationEnabled":false,"canConsumeAppPass":true},"isAppComponentLibrary":false,"appType":"ClassicCanvasApp","appComponents":[]}}