<environmentvariabledefinition schemaname="sent_FaceAPIURL">
  <description default="FaceAPI のURLを指定してください">
    <label description="FaceAPI のURLを指定してください" languagecode="1041" />
  </description>
  <displayname default="FaceAPIURL">
    <label description="FaceAPIURL" languagecode="1041" />
  </displayname>
  <introducedversion>1.0.0.0</introducedversion>
  <iscustomizable>1</iscustomizable>
  <isrequired>0</isrequired>
  <type>100000000</type>
</environmentvariabledefinition>