<environmentvariabledefinition schemaname="sent_FaceAPIKey">
  <description default="FaceAPIのキー情報を指定してください">
    <label description="FaceAPIのキー情報を指定してください" languagecode="1041" />
  </description>
  <displayname default="FaceAPIKey">
    <label description="FaceAPIKey" languagecode="1041" />
  </displayname>
  <introducedversion>1.0.0.0</introducedversion>
  <iscustomizable>1</iscustomizable>
  <isrequired>0</isrequired>
  <type>100000000</type>
</environmentvariabledefinition>