{"properties":{"connectionReferences":{"shared_azureblob":{"runtimeSource":"invoker","connection":{"connectionReferenceLogicalName":"sent_sharedazureblob_b0618"},"api":{"name":"shared_azureblob"}}},"definition":{"$schema":"https://schema.management.azure.com/providers/Microsoft.Logic/schemas/2016-06-01/workflowdefinition.json#","contentVersion":"1.0.0.0","parameters":{"$connections":{"defaultValue":{},"type":"Object"},"$authentication":{"defaultValue":{},"type":"SecureObject"},"FaceAPIURL":{"defaultValue":"https://sentctofaceapi.cognitiveservices.azure.com/","type":"String","metadata":{"schemaName":"sent_FaceAPIURL","description":"FaceAPI のURLを指定してください"}},"FaceAPIKey":{"defaultValue":"bd1ac87eb3f7495d80f5273272c4e1a7","type":"String","metadata":{"schemaName":"sent_FaceAPIKey","description":"FaceAPIのキー情報を指定してください"}},"storageaccountname":{"defaultValue":"rtanmpubdatastore","type":"String","metadata":{"schemaName":"sent_storageaccountname","description":"ストレージアカウント名を指定してください"}},"imagepath":{"defaultValue":"/imagedata","type":"String","metadata":{"schemaName":"sent_imagepath","description":"ストレージアカウントコンテナーのパスを指定します"}}},"triggers":{"manual":{"type":"Request","kind":"PowerAppV2","inputs":{"schema":{"type":"object","properties":{"text":{"title":"cameradata","type":"string","x-ms-dynamically-added":true,"description":"入力を指定してください","x-ms-content-hint":"TEXT"}},"required":["text"]}}}},"actions":{"作成":{"runAfter":{},"type":"Compose","inputs":"@dataUriToBinary(triggerBody()['text'])"},"BLOB_を作成する_(V2)":{"runAfter":{"作成":["Succeeded"]},"type":"OpenApiConnection","inputs":{"host":{"connectionName":"shared_azureblob","operationId":"CreateFile_V2","apiId":"/providers/Microsoft.PowerApps/apis/shared_azureblob"},"parameters":{"dataset":"@parameters('storageaccountname')","folderPath":"@parameters('imagepath')","name":"maskpolice-@{convertFromUtc(utcNow(),'Tokyo Standard Time','yyyyMMddhhmmss')}.jpg","body":"@outputs('作成')"},"authentication":"@parameters('$authentication')"},"runtimeConfiguration":{"contentTransfer":{"transferMode":"Chunked"}}},"パスを使用して_SAS_URI_を作成する_(V2)":{"runAfter":{"BLOB_を作成する_(V2)":["Succeeded"]},"type":"OpenApiConnection","inputs":{"host":{"connectionName":"shared_azureblob","operationId":"CreateShareLinkByPath_V2","apiId":"/providers/Microsoft.PowerApps/apis/shared_azureblob"},"parameters":{"storageAccountName":"rtanmpubdatastore","path":"@outputs('BLOB_を作成する_(V2)')?['body/Path']","policy/Permissions":"Read"},"authentication":"@parameters('$authentication')"}},"Face_API_Detect_with_Mask":{"runAfter":{"パスを使用して_SAS_URI_を作成する_(V2)":["Succeeded"]},"type":"Http","inputs":{"method":"POST","uri":"@{parameters('FaceAPIURL')}face/v1.0/detect","headers":{"Ocp-Apim-Subscription-Key":"@parameters('FaceAPIKey')"},"queries":{"returnFaceAttributes":"headpose,mask","returnFaceId":"true","returnFaceLandmarks":"true","recognitionModel":"recognition_04","returnRecognitionModel":"true","detectionModel":"detection_03"},"body":{"url":"@{outputs('パスを使用して_SAS_URI_を作成する_(V2)')?['body/WebUrl']}"}}},"JSON_の解析":{"runAfter":{"Face_API_Detect_with_Mask":["Succeeded"]},"type":"ParseJson","inputs":{"content":"@body('Face_API_Detect_with_Mask')","schema":{"type":"array","items":{"type":"object","properties":{"faceId":{"type":"string"},"faceAttributes":{"type":"object","properties":{"headPose":{"type":"object","properties":{"pitch":{"type":"number"},"roll":{"type":"number"},"yaw":{"type":"number"}}},"mask":{"type":"object","properties":{"type":{"type":"string"},"noseAndMouthCovered":{"type":"boolean"}}}}},"recognitionModel":{"type":"string"}},"required":["faceId","faceAttributes","recognitionModel"]}}}},"PowerApp_または_Flow_に応答する":{"runAfter":{"JSON_の解析":["Succeeded"]},"type":"Response","kind":"PowerApp","inputs":{"statusCode":200,"body":{"maskflg":"@{body('JSON_の解析')[0]['faceAttributes']?['mask']?['noseAndMouthCovered']}","masktype":"@{body('JSON_の解析')[0]['faceAttributes']?['mask']?['type']}"},"schema":{"type":"object","properties":{"maskflg":{"title":"MaskFlg","x-ms-dynamically-added":true,"type":"string"},"masktype":{"title":"MaskType","x-ms-dynamically-added":true,"type":"string"}}}}}},"outputs":{}}},"schemaVersion":"1.0.0.0"}